{"n_chains": 32, "n_samples": 320000, "n_discard_per_chain": 10000, "energy": {"mean": -115.16736240022821, "error_of_mean": 0.0009645212158084971, "variance": 0.35039819359583135, "tau_corr": 0.0, "R_hat": 1.000037405432788, "tau_corr_max": NaN}}