{"energy": {"mean": -115.16439132107848, "error_of_mean": 0.0010281189512991273, "variance": 0.357649689884451, "tau_corr": 0.0, "R_hat": 1.000047817536667, "tau_corr_max": NaN}}