{"n_chains": 32, "n_samples": 320000, "n_discard_per_chain": 10000, "energy": {"mean": -179.67423995811464, "error_of_mean": 0.002261209155086286, "variance": 1.9436722024114046, "tau_corr": 0.0, "R_hat": 1.000025688899072, "tau_corr_max": NaN}}