{"energy": {"mean": -115.15025130306283, "error_of_mean": 0.0014855033902768358, "variance": 0.6311338111514956, "tau_corr": 0.05943010082070299, "R_hat": 1.0000528165100775, "tau_corr_max": NaN}}