{"n_chains": 32, "n_samples": 320000, "n_discard_per_chain": 10000, "energy": {"mean": -179.71462193520327, "error_of_mean": 0.0015279903777493094, "variance": 1.1391352211966463, "tau_corr": 0.0, "R_hat": 1.0000665492093581, "tau_corr_max": NaN}}