{"energy": {"mean": -115.14957724750336, "error_of_mean": 0.0013163939859599783, "variance": 0.5897353016058285, "tau_corr": 0.0, "R_hat": 1.0000376963187163, "tau_corr_max": NaN}}