{"n_chains": 32, "n_samples": 320000, "n_discard_per_chain": 10000, "energy": {"mean": -115.09312714269613, "error_of_mean": 0.0020818838585250914, "variance": 1.466289283042676, "tau_corr": 0.0, "R_hat": 1.000048490150059, "tau_corr_max": NaN}}