{"n_chains": 32, "n_samples": 320000, "n_discard_per_chain": 10000, "energy": {"mean": -179.6688195314236, "error_of_mean": 0.002380666968502201, "variance": 1.724975085800475, "tau_corr": 0.025695728507282856, "R_hat": 1.0000653547745544, "tau_corr_max": NaN}}