{"energy": {"mean": -115.14882226680243, "error_of_mean": 0.001224374384824016, "variance": 0.5492991866374227, "tau_corr": 0.0, "R_hat": 1.0000479344485573, "tau_corr_max": NaN}}