{"n_chains": 32, "n_samples": 320000, "n_discard_per_chain": 10000, "energy": {"mean": -65.04682592579249, "error_of_mean": 0.00048117220350378417, "variance": 0.11963764110405437, "tau_corr": 0.0, "R_hat": 1.000022110073671, "tau_corr_max": NaN}}