{"n_chains": 32, "n_samples": 320000, "n_discard_per_chain": 10000, "energy": {"mean": -179.48211002452854, "error_of_mean": 0.003885409272072712, "variance": 4.064163722458941, "tau_corr": 0.09432271896270239, "R_hat": 1.0000715540822251, "tau_corr_max": NaN}}