{"energy": {"mean": -65.03517805364847, "error_of_mean": 0.0009167068449636769, "variance": 0.29121377638580015, "tau_corr": 0.0, "R_hat": 1.0000563607669715, "tau_corr_max": NaN}}