{"n_chains": 32, "n_samples": 320000, "n_discard_per_chain": 10000, "energy": {"mean": -115.05935124216838, "error_of_mean": 0.00251278204635989, "variance": 2.073974083550838, "tau_corr": 0.0, "R_hat": 1.0000548866802412, "tau_corr_max": NaN}}