{"n_chains": 32, "n_samples": 320000, "n_discard_per_chain": 10000, "energy": {"mean": -179.71618716501945, "error_of_mean": 0.0018248741959334507, "variance": 1.01663501819414, "tau_corr": 0.02410798705701389, "R_hat": 1.0000486629314347, "tau_corr_max": NaN}}