{"n_chains": 32, "n_samples": 320000, "n_discard_per_chain": 10000, "energy": {"mean": -179.7116390666112, "error_of_mean": 0.002115947529364983, "variance": 1.2736243252679103, "tau_corr": 0.062455833570418284, "R_hat": 1.0000643692454858, "tau_corr_max": NaN}}