{"n_chains": 32, "n_samples": 320000, "n_discard_per_chain": 10000, "energy": {"mean": -65.03857326374121, "error_of_mean": 0.0010049777233106674, "variance": 0.3140195584072411, "tau_corr": 0.014607550930128554, "R_hat": 1.000048912406203, "tau_corr_max": NaN}}