{"n_chains": 32, "n_samples": 320000, "n_discard_per_chain": 10000, "energy": {"mean": -179.51848003815866, "error_of_mean": 0.003508217102252815, "variance": 3.6522086034825416, "tau_corr": 0.0391844145946455, "R_hat": 1.0000401073492922, "tau_corr_max": NaN}}