{"n_chains": 32, "n_samples": 320000, "n_discard_per_chain": 10000, "energy": {"mean": -179.65952734414805, "error_of_mean": 0.002071738029350206, "variance": 1.7664195343608318, "tau_corr": 0.0, "R_hat": 1.000045549105001, "tau_corr_max": NaN}}