{"n_chains": 32, "n_samples": 320000, "n_discard_per_chain": 10000, "energy": {"mean": -179.6158685063313, "error_of_mean": 0.0028294388108767716, "variance": 2.9901085111790127, "tau_corr": 0.0, "R_hat": 1.000050630977007, "tau_corr_max": NaN}}