{"n_chains": 32, "n_samples": 320000, "n_discard_per_chain": 10000, "energy": {"mean": -115.15953059220827, "error_of_mean": 0.0011367264866749998, "variance": 0.4455016304001067, "tau_corr": 0.0, "R_hat": 1.0000597022783078, "tau_corr_max": NaN}}