{"n_chains": 32, "n_samples": 320000, "n_discard_per_chain": 10000, "energy": {"mean": -179.24846584123569, "error_of_mean": 0.004595982054709276, "variance": 6.941462745203414, "tau_corr": 0.0, "R_hat": 1.0000427486472918, "tau_corr_max": NaN}}