{"n_chains": 32, "n_samples": 320000, "n_discard_per_chain": 10000, "energy": {"mean": -179.44159793126605, "error_of_mean": 0.003922002735926876, "variance": 5.011834389007771, "tau_corr": 0.0, "R_hat": 1.0000453809248246, "tau_corr_max": NaN}}