{"n_chains": 32, "n_samples": 320000, "n_discard_per_chain": 10000, "energy": {"mean": -179.62044944176046, "error_of_mean": 0.002250320068733159, "variance": 2.276321908902836, "tau_corr": 0.0, "R_hat": 1.0000355334064743, "tau_corr_max": NaN}}