{"n_chains": 32, "n_samples": 320000, "n_discard_per_chain": 10000, "energy": {"mean": -65.04756221517722, "error_of_mean": 0.0004664711456967915, "variance": 0.0997078273299693, "tau_corr": 0.0, "R_hat": 1.0000424326335353, "tau_corr_max": NaN}}