{"n_chains": 32, "n_samples": 320000, "n_discard_per_chain": 10000, "energy": {"mean": -179.60055767419473, "error_of_mean": 0.0025830484957018534, "variance": 2.7763194163921248, "tau_corr": 0.0, "R_hat": 1.0000239397170954, "tau_corr_max": NaN}}