{"n_chains": 32, "n_samples": 320000, "n_discard_per_chain": 10000, "energy": {"mean": -179.67743287241925, "error_of_mean": 0.0026100445872983234, "variance": 1.600345404683736, "tau_corr": 0.18108624328199152, "R_hat": 1.000074534374619, "tau_corr_max": NaN}}