{"n_chains": 32, "n_samples": 320000, "n_discard_per_chain": 10000, "energy": {"mean": -179.68435483964907, "error_of_mean": 0.002281648197810398, "variance": 1.756651735045248, "tau_corr": 0.0, "R_hat": 1.0000510049380544, "tau_corr_max": NaN}}