{"energy": {"mean": -115.16118598110108, "error_of_mean": 0.0009842355787624726, "variance": 0.38649364220777765, "tau_corr": 0.0, "R_hat": 1.0000373480938207, "tau_corr_max": NaN}}