{"energy": {"mean": -115.16723614443643, "error_of_mean": 0.0011577745477295768, "variance": 0.28483752035221227, "tau_corr": 0.2529580522750906, "R_hat": 1.0000869322556023, "tau_corr_max": NaN}}