{"n_chains": 32, "n_samples": 320000, "n_discard_per_chain": 10000, "energy": {"mean": -179.73204647712396, "error_of_mean": 0.0017551509053002463, "variance": 0.8377790243685346, "tau_corr": 0.08832787372745765, "R_hat": 1.0000710488824114, "tau_corr_max": NaN}}