{"n_chains": 32, "n_samples": 320000, "n_discard_per_chain": 10000, "energy": {"mean": -115.16722886720028, "error_of_mean": 0.0010307811315755692, "variance": 0.32966263871695295, "tau_corr": 0.015683424896432818, "R_hat": 1.0000480727989927, "tau_corr_max": NaN}}