{"n_chains": 32, "n_samples": 320000, "n_discard_per_chain": 10000, "energy": {"mean": -179.46861973433278, "error_of_mean": 0.003626739725669125, "variance": 4.552819607899221, "tau_corr": 0.0, "R_hat": 1.0000520634710313, "tau_corr_max": NaN}}