{"n_chains": 32, "n_samples": 320000, "n_discard_per_chain": 10000, "energy": {"mean": -179.2337438553877, "error_of_mean": 0.00415656150626176, "variance": 5.7606497876035725, "tau_corr": 0.0, "R_hat": 1.000054751492458, "tau_corr_max": NaN}}