{"n_chains": 32, "n_samples": 320000, "n_discard_per_chain": 10000, "energy": {"mean": -65.04727304975367, "error_of_mean": 0.0008498420817597366, "variance": 0.11276272084423077, "tau_corr": 0.5247806133410435, "R_hat": 1.0000908991681783, "tau_corr_max": NaN}}