{"n_chains": 32, "n_samples": 320000, "n_discard_per_chain": 10000, "energy": {"mean": -115.08835303814463, "error_of_mean": 0.0020937085029218384, "variance": 1.472710178449801, "tau_corr": 0.0, "R_hat": 1.000051561321152, "tau_corr_max": NaN}}