{"n_chains": 32, "n_samples": 320000, "n_discard_per_chain": 10000, "energy": {"mean": -115.16574141675055, "error_of_mean": 0.0010012500168055192, "variance": 0.3096488367954158, "tau_corr": 0.01800696894096343, "R_hat": 1.0000422350531741, "tau_corr_max": NaN}}