{"energy": {"mean": -115.00169649737182, "error_of_mean": 0.0027866491818708343, "variance": 2.3971964202600855, "tau_corr": 0.018299700245931527, "R_hat": 1.0000523445911866, "tau_corr_max": NaN}}