{"n_chains": 32, "n_samples": 320000, "n_discard_per_chain": 10000, "energy": {"mean": -178.417524840535, "error_of_mean": 0.0076292016786689435, "variance": 14.171496639912856, "tau_corr": 0.15714688838017254, "R_hat": 1.0000624075522615, "tau_corr_max": NaN}}