{"n_chains": 32, "n_samples": 320000, "n_discard_per_chain": 10000, "energy": {"mean": -179.7054335402598, "error_of_mean": 0.0018548116975651242, "variance": 1.1452787468852457, "tau_corr": 0.0, "R_hat": 1.0000387692714467, "tau_corr_max": NaN}}