{"n_chains": 32, "n_samples": 320000, "n_discard_per_chain": 10000, "energy": {"mean": -65.0472112709759, "error_of_mean": 0.0006199795451620285, "variance": 0.12375856612010815, "tau_corr": 0.0, "R_hat": 1.0000451348072952, "tau_corr_max": NaN}}