{"n_chains": 32, "n_samples": 160000, "n_discard_per_chain": 5000, "energy": {"mean": -199.02954967603438, "error_of_mean": 0.0024737970233786126, "variance": 1.0231074636797701, "tau_corr": 0.0, "R_hat": 1.0001050751219591, "tau_corr_max": NaN}}