{"n_chains": 32, "n_samples": 320000, "n_discard_per_chain": 10000, "energy": {"mean": -65.04807908267786, "error_of_mean": 0.0005293577282813528, "variance": 0.08654505774626418, "tau_corr": 0.01805542553383399, "R_hat": 1.0000747357235955, "tau_corr_max": NaN}}