{"n_chains": 32, "n_samples": 320000, "n_discard_per_chain": 10000, "energy": {"mean": -179.6006790915199, "error_of_mean": 0.0030316526347058015, "variance": 2.5881046437988418, "tau_corr": 0.06819450292570073, "R_hat": 1.0000468170393901, "tau_corr_max": NaN}}