{"n_chains": 32, "n_samples": 320000, "n_discard_per_chain": 10000, "energy": {"mean": -65.04946654364574, "error_of_mean": 0.00043300326589563857, "variance": 0.07239478382060362, "tau_corr": 0.0, "R_hat": 1.0000477991187238, "tau_corr_max": NaN}}