{"energy": {"mean": -115.16816692839264, "error_of_mean": 0.0009087013616492359, "variance": 0.2710817029746901, "tau_corr": 0.0, "R_hat": 1.0000707549166339, "tau_corr_max": NaN}}