{"n_chains": 32, "n_samples": 320000, "n_discard_per_chain": 10000, "energy": {"mean": -65.047467147261, "error_of_mean": 0.00042179610822213053, "variance": 0.09097883346522254, "tau_corr": 0.0, "R_hat": 1.000029393912901, "tau_corr_max": NaN}}