{"n_chains": 32, "n_samples": 320000, "n_discard_per_chain": 10000, "energy": {"mean": -65.04876300358615, "error_of_mean": 0.00045052070073572784, "variance": 0.08577783317055587, "tau_corr": 0.0, "R_hat": 1.0000459705506712, "tau_corr_max": NaN}}