{"n_chains": 32, "n_samples": 320000, "n_discard_per_chain": 10000, "energy": {"mean": -179.71920064748525, "error_of_mean": 0.001476515709651347, "variance": 1.0065772875394763, "tau_corr": 0.0, "R_hat": 1.0000329204096998, "tau_corr_max": NaN}}