{"n_chains": 32, "n_samples": 320000, "n_discard_per_chain": 10000, "energy": {"mean": -179.7171520657103, "error_of_mean": 0.0014517418118493997, "variance": 0.9675500201224408, "tau_corr": 0.0, "R_hat": 1.000025008231206, "tau_corr_max": NaN}}