{"n_chains": 32, "n_samples": 160000, "n_discard_per_chain": 5000, "energy": {"mean": -199.03309152793696, "error_of_mean": 0.002300761235256681, "variance": 1.080641683042485, "tau_corr": 0.0, "R_hat": 1.0001164295280662, "tau_corr_max": NaN}}