{"energy": {"mean": -115.16641809576264, "error_of_mean": 0.0009080837321475778, "variance": 0.35841646939341393, "tau_corr": 0.0, "R_hat": 1.0000290190050793, "tau_corr_max": NaN}}