{"n_chains": 32, "n_samples": 320000, "n_discard_per_chain": 10000, "energy": {"mean": -179.48541262440952, "error_of_mean": 0.003982667746942573, "variance": 4.521475916977865, "tau_corr": 0.061290788186296186, "R_hat": 1.0000522371335698, "tau_corr_max": NaN}}