{"n_chains": 32, "n_samples": 320000, "n_discard_per_chain": 10000, "energy": {"mean": -115.07915392524228, "error_of_mean": 0.0021580591739581573, "variance": 1.913170558955785, "tau_corr": 0.0, "R_hat": 1.0000434972738552, "tau_corr_max": NaN}}