{"n_chains": 32, "n_samples": 320000, "n_discard_per_chain": 10000, "energy": {"mean": -179.69268149063387, "error_of_mean": 0.002377814065348335, "variance": 1.7327707228699893, "tau_corr": 0.022077124664586, "R_hat": 1.0000313358831852, "tau_corr_max": NaN}}