{"n_chains": 32, "n_samples": 320000, "n_discard_per_chain": 10000, "energy": {"mean": -179.57015323133731, "error_of_mean": 0.0037574917822223047, "variance": 3.496968190853228, "tau_corr": 0.14598789456066774, "R_hat": 1.0000573015646688, "tau_corr_max": NaN}}